# INFORMACION MATRIMONIAL, Arzobispado de Buenos Aires - Nuestra Senora del Socorro, Retiro.
# Folio 44, 25 March 1914. Index ark 1:1:XWGW-RN7N; image ark 3:1:939D-GD76-B.
# IMAGE READ 14 September 2026, DeepZoom level 13.
#
# *** TWO CORRECTIONS TO THIS ARCHIVE'S OWN ROW, both now settled on the image. ***
#   1. The register called this a "Retiro BAPTISM". It is an INFORMACION MATRIMONIAL - the sworn
#      pre-marriage enquiry - which is why it names both parties' parents and baptismal parishes.
#   2. The register read the father as "ALBERTO (almost certainly GILBERTO)". *** IT IS GILBERTO,
#      written plainly. *** The archive's own guess was right and can stop being a guess.
field	what the act says	why it matters
Date and place	"En Buenos Aires, a veinte y cinco de Marzo de mil novecientos catorce"	
Groom	"Don CARLOS LERENA, natural de la Rep. Oriental"	Uruguayan-born, in Buenos Aires.
His baptism	*** "bautizado en la Iglesia de el CORDON, Dep. de Montevideo" ***	*** A THIRD MONTEVIDEO PARISH for this family *** - after San Francisco de Asis and the Catedral Basilica. It names exactly where to find his baptism act.
Age and status	"de treinta anos de edad, de estado soltero"	Thirty in March 1914, so born about 1884 - matching "Carlos A. Lerena, 11, born Uruguay" in Gilberto's Buenos Aires household at the 1895 census.
Address	"domiciliado en Pueyrredon 1750"	A Buenos Aires address for Gilberto's son.
Parents	*** "hijo de D. GILBERTO LERENA y de Dona JULIA SALVANACH" ***	*** THE FATHER IS GILBERTO. *** So Gilberto - now documented as Luis Eugenio's brother - has a son marrying in Buenos Aires in 1914, and this archive's Carlos row is his.
Bride	"Dona ROSA MARIA EPPENS, natural del Pais, bautizada en la Iglesia de Sn. Pedro, Provin. de Bs. Aires, de veinticinco anos de edad, de estado soltera"	Confirms the CEMLA pairing already recorded here: "Carlos Lerena 41 Uruguayan" and "Rosa M. E. Lerena 39 Argentine" arriving Buenos Aires from Montevideo, 27 May 1926.
