# Sweep of the Rosario cathedral baptism index for the given name PABLO ARMANDO under any surname,
# in the years either side of 1882. The 1882 year is complete and recorded in rosario-index-map.tsv.
#
# *** ON IMAGE NUMBERS - READ THIS BEFORE USING THEM ***
# This film (DGS 4530325) presents under two viewer states with different image numbering, and the
# difference is NOT a constant offset - the two sets hold different content.
#
#   718-image "Film # 004530325" view - the COMPLETE film. It carries TWO rolls. Roll 29 runs to image
#     171, where a title card reads "Indice Bautismos, VOLUMEN: A-D, Anos 1879-1900" followed by
#     "CONTINUA EN EL PROXIMO ROLLO". Images 172-178 are leader, density and title cards for Rollo 30,
#     and the volume resumes at image 179 marked "CONTINUACION".
#
#   655-image "Indice de bautismos 1879-1900" waypoint - INCOMPLETE. It omits the roll-30 continuation
#     of Volume 1, i.e. the tail of C (1897-1900) and THE WHOLE OF D. It runs C at 1897 straight into
#     the "Volumen 2, Letras E-Ll" title card. 718 minus 655 is 63 images, which is that missing segment
#     plus its cards.
#
# So: D exists ONLY in the 718-image view. Image numbers below say which view they were taken in.
# They are LOCATORS ONLY, never evidence. Every page was verified on arrival by letter, year, Libro and
# folio range, and those spans - which are stable across both views - are what this file actually records.
#
letter	year	images	view	span_verified	status	result_and_notes
A	1881	7-10	718-image film	Libro 23 f.609 -> Libro 24 f.358	COMPLETE	No Pablo Armando. Near miss 'Alberdi / Adelino Pablo / Libro 23 f.649'.
A	1883	12-14	718-image film	f.260 -> f.297, 1884 begins f.318	COMPLETE	No Pablo Armando. Near miss 'Ahumada / Pedro Pablo / f.543'.
B	1881	50-52	655-image waypoint	Libro 23 f.604 -> Libro 24 f.359	COMPLETE	No Pablo Armando. Near miss 'Basualdo / Felix Pablo / Libro 24 f.355'.
B	1883	54-56	655-image waypoint	Libro 25 f.253 -> Libro 26 f.302, 1884 begins f.304	COMPLETE	No Pablo Armando. No Pablo of any kind in the 1883 B band.
C	1881	108-112	655-image waypoint	Libro 23 f.605 -> Libro 24 f.356, 1882 begins f.361	COMPLETE	No Pablo Armando. Near miss 'Carara / Pablo / Libro 24 f.146'.
C	1883	115-118	655-image waypoint	Libro 25 f.251 -> Libro 26 f.300, 1884 begins f.304	COMPLETE	No Pablo Armando.
D	1881	189-190	718-image film	Libro 23 f.637 -> Libro 24 f.350, 1882 begins f.380	COMPLETE	No Pablo Armando. D begins at image 188.
D	1883	191	718-image film	Libro 25 f.251 -> Libro 26 f.295, 1884 begins f.325	COMPLETE	No Pablo Armando. Near miss 'Dias / Jose Pablo / Libro 26 f.92'.
E	1881	169-170	655-image waypoint	Libro 23 f.661 -> Libro 24 f.347, 1882 begins f.370	COMPLETE	No Pablo Armando. E section title page is at 168.
E	1883	170-171	655-image waypoint	Libro 25 f.278 -> Libro 26 f.279, 1884 begins f.308	COMPLETE	No Pablo Armando. EXPOSITO (foundlings) sits in this section and was read.
F	1881	238-239	718-image film	Libro 23 f.617 -> Libro 24 f.356, 1882 begins f.368	COMPLETE	No Pablo Armando. *** Extends the Fernandez null to 1881. ***
F	1883	240-242	718-image film	Libro 25 f.250 -> Libro 26 f.298, 1884 begins f.307	COMPLETE	No Pablo Armando. *** Extends the Fernandez null to 1883. ***
G	1881	277-280	718-image film	Libro 23 f.610 -> Libro 24 f.360, 1882 begins f.361	COMPLETE	No Pablo Armando. Near miss 'Galavotto / Pablo D. Rosa / Libro 24 f.122'.
G	1883	283-285	718-image film	f.258 -> f.297, 1884 begins f.312	COMPLETE	No Pablo Armando.
H	1881	336-337	718-image film	Libro 23 f.535 -> Libro 24 f.552	COMPLETE	No Pablo Armando. A compact section - all three years sit on images 336-337. Near miss: a bare 'Pablo' at 1881 f.181.
H	1883	337	718-image film	Libro 26 f.1 -> f.191, 1884 begins f.303	COMPLETE	No Pablo Armando.
I	1881	346-347	718-image film	Libro 23 f.615 -> Libro 24 f.327, 1882 begins f.390	COMPLETE	No Pablo Armando. Near miss: a bare 'Pablo' at Libro 24 1881 f.29.
I	1883	347	718-image film	Libro 25 f.267 -> Libro 26 f.189, 1884 begins f.423	COMPLETE	No Pablo Armando.
J	1881	356-357	718-image film	Libro 23 f.609 -> Libro 24 f.299, 1882 begins f.406	COMPLETE	No Pablo Armando.
J	1883	357	718-image film	Libro 26 f.34 -> f.415, 1884 begins f.20 of the next book	COMPLETE	No Pablo Armando. Note 'Pablo (N.)' at 1884 f.118 - wrong year.
K	1881	362	718-image film	Libro 23 f.690; Libro 24 f.14, f.131, f.418	COMPLETE	*** FOUR ENTRIES IN THE WHOLE YEAR. *** Kreeder David A. A.; Kenny Patricio; Kearney Lorenzo H.; Kehoe Guillermo Esteban. No Pablo Armando.
K	1883	362	718-image film	Libro 26 f.200, f.279	COMPLETE	*** TWO ENTRIES. *** Kenny Juan; Knoes Juan Maria. No Pablo Armando. Confirms why 1882 was empty - the section jumps Libro 24 (1881) straight to Libro 26 (1883).
L	1881	367-369	718-image film	Libro 23 f.611 -> Libro 24 f.360, 1882 begins f.363	COMPLETE	No Lerena, no Pablo Armando. Near misses 'Lopez / Pablo / f.288' and 'Lamberti / Atilio Pablo Juan / f.360'.
L	1883	371-373	718-image film	Libro 25 f.268 -> Libro 26 f.299, 1884 begins f.305	COMPLETE	No Lerena, no Pablo Armando. Near misses 'Ledesma / Juan Pablo / Libro 26 f.23', 'Leguisamon / Pedro Pablo / f.380', 'Lopez / Pablo Gregorio / f.424', 'Luraschi / Santos Pablo / f.287'.
Ll	1881	404	718-image film	-	COMPLETE	*** Ll HAS NO 1881 ENTRIES AT ALL. *** The whole section is one page; it runs Libro 23 (1880 f.157) straight to Libro 24 (1882 f.370).
Ll	1883	404	718-image film	Libro 25 f.290, f.470; Libro 26 f.8	COMPLETE	*** THREE ENTRIES. *** Llaurer Escolastica; Llorca Micaela Leonor; Llorca Jose Fernando. No Llerena, no Pablo Armando. Note for 1882: 'Llorca / Francisco Pablo / f.370'.
M	1881	416-419	718-image film	Libro 23 f.606 -> Libro 24 f.360, 1882 begins f.365	COMPLETE	No Pablo Armando. Near miss 'Moron / Juan Pablo / f.309'. Continuity checked by folio, not by image number - see the duplicate-frame note below.
M	1883	421-425	718-image film	Libro 25 f.249 -> Libro 26 f.303, 1884 begins f.308	COMPLETE	No Pablo Armando. Near misses 'Medina / Pablo Mauricio / f.291', 'Mendieta / Jose Pablo / f.350', 'Maria / Angelica de Paul (N.) / Libro 26 f.53'.
#
# *** DUPLICATE FRAMES ***
# Some images on this film are duplicates of their neighbour: requesting 418 returns 417's opening, and
# 424 returns 423's. This is not viewer lag - the folio sequences prove it, running continuously across
# the images either side with no room for an extra opening between them. It is also the likeliest
# explanation for the 718-vs-655 image count. COVERAGE IS THEREFORE VERIFIED BY FOLIO CONTINUITY, not by
# image number: every band above was checked to run unbroken from one opening's last folio to the next
# opening's first.
N	1881	475-476	718-image film	Libro 23 f.646 -> Libro 24 f.323, 1882 begins f.362	COMPLETE	No Pablo Armando. All three years sit on images 475-476.
N	1883	476	718-image film	Libro 25 f.300 -> Libro 26 f.295, 1884 begins f.331	COMPLETE	No Pablo Armando.
O	1881	485-486	718-image film	Libro 23 f.616 -> Libro 24 f.344, 1882 begins f.362	COMPLETE	No Pablo Armando. Near misses 'Olivieri / Juan Pablo / f.212' and 'Olguin / Pablo Fabio A. / f.225'.
O	1883	486-487	718-image film	Libro 25 f.262 -> Libro 26 f.296, 1884 begins f.310	COMPLETE	No Pablo Armando.
P	1881	501-503	718-image film	Libro 23 f.606 -> Libro 24 f.351, 1882 begins f.367	COMPLETE	No Pablo Armando. Near miss 'Pablo / Manuel (N.) / f.281' - the surname is Pablo again, as in the 1882 band.
P	1883	506-508	718-image film	Libro 25 f.259 -> Libro 26 f.303, 1884 begins f.306	COMPLETE	No Pablo Armando. Near misses 'Pantaro / Juan Pablo / f.278' and 'Pedro Angel de Paul / Angel de Paul (N.) / Libro 26 f.40'.
Q	1881	548	718-image film	Libro 23 f.641-658; Libro 24 f.126-341	COMPLETE	*** TEN ENTRIES IN THE WHOLE YEAR. *** No Pablo Armando.
Q	1883	549	718-image film	Libro 25 f.270-538; Libro 26 f.23-441	COMPLETE	*** THIRTEEN ENTRIES. *** No Pablo Armando.
R	1881	560-563	718-image film	Libro 23 f.605 -> Libro 24 f.361, 1882 begins f.363	COMPLETE	No Pablo Armando.
R	1883	565-567	718-image film	Libro 25 f.250 -> Libro 26 f.302, 1884 begins f.305	COMPLETE	No Pablo Armando. Note 'Rosa / de Paul (N.) / Libro 26 f.83'.
S	1881	611-612	718-image film	Libro 23 f.605 -> Libro 24 f.359, 1882 begins f.368	COMPLETE	No Pablo Armando.
S	1883	614-616	718-image film	Libro 25 f.259 -> Libro 26 f.295	COMPLETE	No Pablo Armando. Image 615 re-read specifically for this sweep.
T	1881	653-654	718-image film	Libro 23 f.613 -> Libro 24 f.355, 1882 begins f.364	COMPLETE	No Pablo Armando. Near miss 'Tello / Pedro Paulino / Libro 24 f.30'.
T	1883	655-656	718-image film	f.268 -> f.295, 1884 begins f.304	COMPLETE	No Pablo Armando.
U	1881	677-678	718-image film	Libro 24 f.15 -> f.334, 1882 begins f.387	COMPLETE	No Pablo Armando. A small section.
U	1883	678	718-image film	Libro 25 from f.302	COMPLETE	No Pablo Armando. The whole of U's 1883 sits on one page.
V	1881	683-684	718-image film	Libro 23 f.606 -> Libro 24 f.347, 1882 begins f.371	COMPLETE	No Pablo Armando.
V	1883	685-686	718-image film	Libro 25 f.250 -> Libro 26 f.253, 1884 begins f.316	COMPLETE	No Pablo Armando. Near miss 'Velez / Juan Pablo / Libro 26 f.182'.
W	1881	705	718-image film	Libro 24 f.343	COMPLETE	*** ONE ENTRY IN THE WHOLE YEAR: Williams, Josefa Aurelia. *** No Pablo Armando.
W	1883	705	718-image film	Libro 26 f.150	COMPLETE	*** ONE ENTRY: Windels, Maria Elisa. *** No Pablo Armando.
X	both	-	-	-	COMPLETE	*** THERE IS NO X SECTION IN THIS INDEX. *** It runs W straight to Y.
Y	both	707	718-image film	-	COMPLETE	*** THE ENTIRE Y SECTION IS ONE LINE - 'Yane / Maria / 1900 / f.289'. No 1881 and no 1883 entries. ***
Z	1881	707-708	718-image film	Libro 23 f.614 -> Libro 24 f.352, 1882 begins f.330 of the next book	COMPLETE	No Pablo Armando.
Z	1883	708	718-image film	Libro 25 f.254 -> Libro 26 f.302, 1884 begins f.326	COMPLETE	No Pablo Armando. Near miss 'Zarate / Pablo Jorge / Libro 25 f.450'.
